accuracy,balanced_accuracy,precision_micro,recall_micro,f1_micro,precision_macro,recall_macro,f1_macro,mcc,roc_auc_macro
0.5378909839379571,0.8488910277735874,0.7531514576664823,0.8553960024558291,0.8010242309949653,0.5399314480308123,0.8123892187368533,0.6259028825791321,0.7547375307760141,0.9426601083467931
