,accuracy,balanced_accuracy,precision_micro,recall_micro,f1_micro,precision_macro,recall_macro,f1_macro,mcc,roc_auc_macro,conf_matrix
HBOND,0.8492593817767486,0.8057384207283426,0.8492593817767486,0.8492593817767486,0.8492593817767486,0.8129256072270061,0.8057384207283426,0.8091875749573775,0.6186222788068417,0.9073232087806121,"[[53189, 21868], [19144, 177869]]"
IONIC,0.9645642665490499,0.9562937824958377,0.9645642665490499,0.9645642665490499,0.9645642665490499,0.6965360957106828,0.9562937824958377,0.7692518749464781,0.598926367790871,0.9897181038193757,"[[256369, 9306], [335, 6060]]"
PICATION,0.9849707795787849,0.9313770441907091,0.9849707795787849,0.9849707795787849,0.9849707795787849,0.6404457064050457,0.9313770441907091,0.7094064498680235,0.4922806260590996,0.9938801033279355,"[[266461, 3876], [213, 1520]]"
PIHBOND,0.9937663101407725,0.6002478391621627,0.9937663101407725,0.9937663101407725,0.9937663101407725,0.5236473625386381,0.6002478391621627,0.5375667246590609,0.0973775538074919,0.9511948329162373,"[[270302, 1418], [278, 72]]"
PIPISTACK,0.9910537729260852,0.9938424915670296,0.9910537729260852,0.9910537729260852,0.9910537729260852,0.8778794687735079,0.9938424915670296,0.9275699119119174,0.8639743939981894,0.9981371093630717,"[[262175, 2410], [24, 7461]]"
SSBOND,0.9996545006799721,0.9895991947121976,0.9996545006799721,0.9996545006799721,0.9996545006799721,0.8826556248734794,0.9895991947121976,0.9295542375666132,0.8656740397866817,0.999931062985902,"[[271689, 88], [6, 287]]"
VDW,0.6672069687947955,0.6651384215588323,0.6672069687947955,0.6672069687947955,0.6672069687947955,0.6743145230571177,0.6651384215588323,0.6619842438411648,0.33932889763433405,0.7584363372344181,"[[73854, 59669], [30874, 107673]]"
