,accuracy,balanced_accuracy,precision_micro,recall_micro,f1_micro,precision_macro,recall_macro,f1_macro,mcc,roc_auc_macro,conf_matrix
HBOND,0.8432131436762598,0.8363634757966865,0.8432131436762598,0.8432131436762598,0.8432131436762598,0.8020991880965416,0.8363634757966865,0.8150569475431766,0.6375425725189172,0.9228389898574678,"[[61628, 13429], [29228, 167785]]"
IONIC,0.9605689712206418,0.9636334522837922,0.9605689712206418,0.9605689712206418,0.9605689712206418,0.6847157637880973,0.9636334522837922,0.757437201932276,0.5852876463972669,0.9897147812603255,"[[255159, 10516], [212, 6183]]"
PICATION,0.9843091851361782,0.9413641556377514,0.9843091851361782,0.9843091851361782,0.9843091851361782,0.6374156955791641,0.9413641556377514,0.7068348981393273,0.492545885986969,0.9938684414928745,"[[266245, 4092], [177, 1556]]"
PIHBOND,0.9914139743448377,0.621897857037707,0.9914139743448377,0.9914139743448377,0.9914139743448377,0.5198661758005815,0.621897857037707,0.5328753855032662,0.0984204096237205,0.9503481525099367,"[[269646, 2074], [262, 88]]"
PIPISTACK,0.9912338736354614,0.9941947314702348,0.9912338736354614,0.9912338736354614,0.9912338736354614,0.8796668517326585,0.9941947314702348,0.928865518827687,0.8663240914119162,0.9982367786893149,"[[262220, 2365], [20, 7465]]"
SSBOND,0.9996581762046532,0.9896010344558109,0.9996581762046532,0.9996581762046532,0.9996581762046532,0.8836787978196455,0.9896010344558109,0.9301992967429855,0.8668322474648954,0.9999270507122878,"[[271690, 87], [6, 287]]"
VDW,0.6901238651817547,0.6908850460183578,0.6901238651817547,0.6901238651817547,0.6901238651817547,0.6919107791392642,0.6908850460183578,0.6898726132005064,0.38279445088672515,0.7738114265155025,"[[97753, 35770], [48538, 90009]]"
