accuracy,balanced_accuracy,precision_micro,recall_micro,f1_micro,precision_macro,recall_macro,f1_macro,mcc,roc_auc_macro
0.581824530451722,0.8625628218143344,0.8000239972373913,0.7770340177820224,0.7883614362630169,0.5506795278688215,0.7991858772292373,0.6168917583136426,0.7413792516065154,0.9469636601482442
