,accuracy,balanced_accuracy,precision_micro,recall_micro,f1_micro,precision_macro,recall_macro,f1_macro,mcc,roc_auc_macro,conf_matrix
HBOND,0.754569436252248,0.6562104466234788,0.754569436252248,0.754569436252248,0.754569436252248,0.6883617616419679,0.6562104466234788,0.6667544498140601,0.34306894300054075,0.7558894468286466,"[[33332, 43105], [24719, 175191]]"
IONIC,0.9582590004595671,0.959732302117833,0.9582590004595671,0.9582590004595671,0.9582590004595671,0.6778585542836026,0.959732302117833,0.7492472655035062,0.5718997206229435,0.9862345376708764,"[[258556, 11283], [252, 6256]]"
PICATION,0.9814038147691128,0.9560635917814253,0.9814038147691128,0.9814038147691128,0.9814038147691128,0.6177497138911652,0.9560635917814253,0.6834858992552971,0.4634710668356331,0.9927765779303729,"[[269657, 5023], [116, 1551]]"
PIHBOND,0.9921801213691482,0.5956886246377224,0.9921801213691482,0.9921801213691482,0.9921801213691482,0.5166242151518033,0.5956886246377224,0.5272307784828595,0.07976837176619939,0.9410447093087458,"[[274119, 1890], [271, 67]]"
PIPISTACK,0.9904431747042667,0.995084225221033,0.9904431747042667,0.9904431747042667,0.9904431747042667,0.8725755090224838,0.995084225221033,0.924513658641148,0.8589674201521929,0.9963845952575595,"[[265984, 2641], [0, 7722]]"
SSBOND,0.9995440515004687,0.992518634180181,0.9995440515004687,0.9995440515004687,0.9995440515004687,0.8861371309314424,0.992518634180181,0.9328645420843192,0.8721920254911937,0.9999018872657042,"[[275814, 120], [6, 407]]"
VDW,0.5709162755521139,0.5665441657920762,0.5709162755521139,0.5709162755521139,0.5709162755521139,0.5877719635410704,0.5665441657920762,0.5410886801485034,0.1528491032852082,0.6385169927333891,"[[43659, 92047], [26529, 114112]]"
