accuracy,balanced_accuracy,precision_micro,recall_micro,f1_micro,precision_macro,recall_macro,f1_macro,mcc,roc_auc_macro
0.3713012987294959,0.8174059986219643,0.6616733309493623,0.8547224376328041,0.7459095495557124,0.5000509437415801,0.8233013575941442,0.5958492200865629,0.6880643456551339,0.901535535285042
