,accuracy,balanced_accuracy,precision_micro,recall_micro,f1_micro,precision_macro,recall_macro,f1_macro,mcc,roc_auc_macro,conf_matrix
HBOND,0.7395918899065306,0.7186749783376327,0.7395918899065306,0.7395918899065306,0.7395918899065306,0.6909746982249758,0.7186749783376327,0.698822649584315,0.4087120648935265,0.7943235787004108,"[[51355, 25082], [46881, 153029]]"
IONIC,0.9552048692404839,0.9676153274196353,0.9552048692404839,0.9552048692404839,0.9552048692404839,0.6709924608437181,0.9676153274196353,0.7420955882887745,0.5655393728600137,0.9869675631525077,"[[257586, 12253], [126, 6382]]"
PICATION,0.9809514849084665,0.9573266528433064,0.9809514849084665,0.9809514849084665,0.9809514849084665,0.6157577994212455,0.9573266528433064,0.6809334547060043,0.46017008572841867,0.9926795418548444,"[[269527, 5153], [111, 1556]]"
PIHBOND,0.9868643408468338,0.6299644396725679,0.9868643408468338,0.9868643408468338,0.9868643408468338,0.512782839393007,0.6299644396725679,0.5208149233406759,0.08151845334981717,0.9411531870337561,"[[272625, 3384], [246, 92]]"
PIPISTACK,0.9905191661208553,0.9945573145638292,0.9905191661208553,0.9905191661208553,0.9905191661208553,0.8735301589466321,0.9945573145638292,0.9249575255545452,0.8596093817944209,0.9971451116141671,"[[266014, 2611], [9, 7713]]"
SSBOND,0.9995440515004687,0.9985628428077451,0.9995440515004687,0.9995440515004687,0.9995440515004687,0.8836108501000979,0.9985628428077451,0.9335700271369178,0.8746521959220147,0.9999055508080142,"[[275809, 125], [1, 412]]"
VDW,0.6114667428993259,0.611808738204136,0.6114667428993259,0.6114667428993259,0.6114667428993259,0.6119048002727999,0.611808738204136,0.6114404555410544,0.22371351785252142,0.6632771789428176,"[[85625, 50081], [57289, 83352]]"
