accuracy,balanced_accuracy,precision_micro,recall_micro,f1_micro,precision_macro,recall_macro,f1_macro,mcc,roc_auc_macro
0.46479969024451145,0.8397871848355505,0.7190148765036657,0.7069896612252554,0.7129515657289984,0.5141483630341509,0.7915432061927495,0.5810711282700124,0.6486486666600891,0.9107788160152168
