,accuracy,balanced_accuracy,precision,recall,f1_score,roc_auc,mcc,confusion_matrix
HBOND,0.8297313191458081,0.8270874350301931,0.788179176634034,0.8270874350301931,0.8015842083618994,0.9146869405613784,0.6140351381292088,"[[61636, 13421], [32904, 164109]]"
IONIC,0.9508582350130481,0.9729300755087595,0.6615025842814806,0.9729300755087595,0.7310631703868424,0.9889340460992561,0.5527365715387409,"[[252330, 13345], [25, 6370]]"
PICATION,0.9747381188664682,0.9841347463002095,0.6002820151216637,0.9841347463002095,0.6604714581246262,0.9935782755699245,0.4406813268083886,"[[263475, 6862], [11, 1722]]"
PIHBOND,0.9170507589958466,0.8857086601753906,0.5064501140758864,0.8857086601753906,0.49124741601909366,0.9564951578305398,0.09975700192344474,"[[249203, 22517], [51, 299]]"
PIPISTACK,0.9906384386371154,0.994927159911599,0.8731467971217399,0.994927159911599,0.9248477757583087,0.9975772648786686,0.8594893472977366,"[[262042, 2543], [4, 7481]]"
SSBOND,0.9992979747859007,0.999648608969854,0.8026859504132231,0.999648608969854,0.8769156198167742,0.9998105943136653,0.7777830393591394,"[[271586, 191], [0, 293]]"
VDW,0.68162605211894,0.6826556418922349,0.684619774279295,0.6826556418922349,0.6810321405233912,0.7588948859780839,0.3672701641951556,"[[98595, 34928], [51692, 86855]]"
